위험요인,기인물,중대재해 개요,발생원인,예방대책
피킹작업자와 지게차 부딪힘,지게차,24년 4월 인천광역시 서구 소재 물류센터 피킹장에서 재해자가 지시 박스를 들고 이동하던 중 지게차와 충돌하여 사망,"1. 통로 구획 상태 미흡: 보행자 통로 구획 페인트 작업을 한 지 오래되어 보행자 통로를 구분할 수 없는 상태로, 피킹 작업자가 보행자 통로를 이용할 수 없는 상태 방치 
2. 수동대차 미사용: 피킹 작업자가 지시 박스를 수동 대차를 이용하지 않고, 직접 들고 이동하여 지게차와 혼재되어 작업을 하는 장소에서 시야가 미확보된 상태로 이동
3. 작업지휘자 미배치: 피킹장은 지게차와 작업자가 혼재되어 작업하는 장소로, 지게차 충돌 위험이 높음에도 불구하고, 작업지휘자 미배치  ","1. 보행자 통로 구획 페인트 작업 실시 및 관리: 사업장 내 작업자가 보행통로를 항상 안전하게 사용할 수 있도록 통로 구획 페인트 작업을 실시
2. 보행자 시야확보에 대한 관리감독: 피킹작업자가 지시박스를 지정 장소로 운반할 경우 수동 대차를 사용하도록 하는 등 작업자의 시야가 확보된 상태에서 작업하도록 관리
3. 작업지휘자 배치: 사업장 내 보행자통로와 지게차 경로가 교차되는 장소 등 지게차 충돌 위험이 높은 장소에는 작업지휘자 등을 배치  "
지게차 덧발 지그와 철골기둥 사이에 자업자 끼임 ,지게차,"24년 8월 경북영천시 소재 공장의 원료 입고장에서 지게차와 사용하여 톤백에 담긴 원료를 투입 설비로 운반하기 위해 톤백을 지게차용 덧발 지그에 거는 작업을 하던 중, 전진하던 지게차에 부착된 지그와 철골기둥 사이에 끼여 사망","1. 작업계획서 미작성: 지게차 등을 사용하여 중량의 톤백을 취급하는 위험작업을 수행함에도 불구하고, 작업을 지휘하고 지게차나 톤백 등과의 충돌.협착 등을 예방하기 위한 표준화된 작업계획서 미작성 상태에서 작업을 수행 
2. 작업지휘자 미배치: 지게차 등을 사용하여 중량의 톤백을 취급하는 위험작업을 수행함에도 불구하고, 작업을 지휘하고 지게차나 톤백 등과의 충돌.협착 등의 방지를 위한 안전조치 등을 수행할 작업지휘자가 배치되지 않은 상태에서 작업을 수행 
3. 부적정한 작업방법: 톤백걸이 작업을 단독으로 수행하던 작업자가 전진하는 지게차와 충돌할 수 있는 가까운 위치에서 철골기둥(H빔)을 후면에 두고, 전진하는 지게차를 마주보며, 해당 작업을 수행
4. 무면허 작업자에 의한 지게차 우전: 지게차 운전에 필요한 면허를 가진 작업자에게 지게차 운전을 하게 하여야 하나, 사고 당시 무면허 작업자인 동료 외국인 작업자가 지게차를 운전함 
 ","1. 작업계획서 작성: 지게차 등을 사용하여 중량의 원료 톤백 등을 취급하는 위험작업을 수행하는 경우, 지게차나원료 톤백 등과의 충돌·협착 등을 예방하기 위한 안전한 작업방법 등이 명시된 작업계획서를 작성하고 준수하도록 조치
2. 작업지휘자 배치: 지게차 등을 사용하여 중량의 원료 톤백 등을 취급하는 위험작업을 수행하는 경우, 작업을 지휘하고 지게차 등과 충돌방지를 위한 안전조치 등을 수행할 작업지휘자를 지정·배치하고, 작업계획서 등에 따라 안전하게 작업을 수행하도록 조치
3. 톤백걸이 작업 등 관련 안전 작업방법 표준화 및 관리: 작업인원, 지게차 운전자 자격조건, 톤백걸이 작업 방법 및 작업자 위치 등을 명시한 안전한 작업방법을 표준화하여 작업계획서 등에 명시하고 이를 준수하도록 작업방법의 인식·전달체계를 마련
4. 지게차 등과 관련한 작업자 자격관리 철저: 지게차 운전에 필요한 자격·면허를 가진 작업자가 지게차 운전을 하도록 관리하고 특별안전교육 등을 통해 작업자들이 작업방법을 숙지하고 안전하게 작업하도록 관리 철저"
인화성가스 캔 압축설비 가동 중 화재.폭발 발생,인화성 가스 캔,24년 8월 인천광역시 공장에서 재해자가 캔 압축기 설비를 이용하여 부탄가스 캔 등 철캔 압축 등 발생한 부탄이 체류한 상태에서 제어반 전기스파크가 점화원으로 작용하여 화재.폭발 발생,"1. 환기 불충분: 환기팬을 가동하지 않아 환기가 불충분한 상태에서 설비를 가동하여 발생한 인화성 가스에의한 폭발 분위기 형성
2. 가스 검지 및 경보 장치 미설치: 사고 설비 주변에 가스 검지 및 경보 장치 미설치로 인하여 인화성 가스발생유무를 사전에 감지하지 못함","1. 인화성 가스 취급 설비 가동 시 충분한 환기 실시: 인화성 가스 취급 설비 가동 시 발생하는 인화성 가스가 주변에 체류하여 폭발한계에 도달하지않도록 환기장치를 상시 가동하여 충분한 환기 실시
2. 가스 검지 및 경보 장치 설치: 인화성 가스 취급 설비 주변에 가스 검지 및 경보 장치를 설치하여 인화성 가스 발생 유무를사전에 감지하여 화재·폭발 대비"
드럼통을 절단하던 중 폭발,드럼통 내부에 잔류되어 있던 인화성 액체 ,"2024. 09. 00.(토) 11:40분경 공장 내에서 재해자가 드럼통의 금속 판을 산소 절단기(LPG)로 절단하던 도중,
드럼통 내부에 잔류되어 있던 인화성 액체(MPK*)의 증기가 폭발하여 압력에 의해 드럼통 금속 판이 튕겨나가 재해자가 맞음","드럼통 내부에 잔류된 인화성 물질을 제거하지 않고 화기작업 실시: 드럼통 내부에 인화성 액체인 MPK가 잔류되어 있었으나 잔류물이 남아있지 않도록 제거 또는 환기 등의 조치를 실시하지 않고
(점화원) 점화 시 불꽃의 온도 약 2,800℃인 산소 절단기를 점화시켜 불꽃을 드럼통에접촉한 순간 폭발 발생","1. 드럼통 내부 인화성 액체 제거 등의 화재 · 폭발 예방 조치 실시: 인화성 액체가 잔류하여 인화성 증기가 발생할 우려가 있는 드럼통을 절단하기 전,드럼통 내부에 잔류하고 있는 인화성 증기를 환기 · 제거 또는 물을 주입하여 세척작업 하는 등 적절한 안전조치 실시
2. 용단 작업 등의 화재 폭발위험작업 시 관리감독자 점검 철저: 드럼통 용단 작업 전 드럼통 내 인화성 액체의 잔류물이 남아있지 않도록 제거 또는 환기 조치를 하도록 관리감독자 점검 철저"
지게차에 운전자 끼임,지게차,"2024년 5월 부산시 소재 작업장 내에서 지게차 운전자가 지게차로 올려진 팔레트 위에서 열풍기 수리 작업 후 지게차 조정석에 발을 딛고 지상으로
내려오던 중 지게차의 틸팅 레버가 눌리면서 마스트가 운전석 방향으로 기울어 마스트와 헤드가드 사이에 끼여 사망","1. 지게차의 주용도 외 사용: 화물의 적재, 하역 등에 사용되는 지게차와 팔레트를 안전조치(탑승 하차 통로, 추락방지 조치 등) 없이 고소작업 발판 용도로 사용
2. 지게차 운전위치 이탈 시 조치 미흡: 운전자가 지게차의 시동이 켜진 상태로 운전석을 이탈하여 지게차 조작레버의 오조작이 발생","1. 지게차의 주용도 외 사용 금지: 사업주는 지게차를 적재, 하역 등 주된 용도에만 사용하도록 관리감독 철저
2. 지게차 운전위치 이탈 시 조치 철저: - 지게차 운전자가 운전위치 이탈 시 포크는 가장 낮은 위치에 두고 브레이크를 거는 등 기계의 갑작스러운 작동을 방지하기 위한 조치 실시"
선재코일에 깔림,선재코일 ,"2024년 7월 경남 김해시 소재 작업장 내에서 재해자가 선재 코일* 에 부착된 태그를 확인하기 위해 선재 코일 안으로 몸을 집어 넣어 태그를
확인한 후 빠져 나오던 중 끝단에 걸쳐있는 선재 코일을 밟아 재해자 방향으로 전도되어 깔려 사망","1. 선재 코일 넘어짐 방지 조치 미실시: 구조물 끝단에 돌출된 선재 코일을 근로자가 밟는 등 다른 요인에 의해 넘어질 위험
이 있는 선재 코일에 넘어짐 방지 조치 미실시
2. 중량물 취급 작업계획서 미작성: 중량물 취급 시 전도, 협착 위험을 예방하기 위해 작업계획서를 작성하여야 하나 미작성","1. 선재 코일 넘어짐 방지 조치 실시: - 선재 코일 취급 및 적재 시 넘어지지 않도록 구조적으로 안전한 적재대*를 구비하거나, 앞으로 넘어지지 않도록 「넘어짐 방지」 조치 실시
2. 중량물 취급 작업계획서 작성 및 작업지휘자 배치하여 관리: 중량물 취급 작업시 해당 작업에 따른 전도, 협착 위험에 대한 예방대책과 작업방법 등을 포함한 작업계획서 작성"
천장크레인으로 권상된 중량물에 깔림,천장 크레인 ,"2024년 7월 경남 창녕군 소재 작업장에서 재해자가 천장크레인(5ton)을 사용하여 2차전지 생산설비에서 사용할 워크웨이(보행자 통로)를 권상한 후 아래에서 도장보강작업을 실시하던 중, 달기구가 이탈되면서 워크웨이에 깔려 사망","1. 부적절한 달기구 및 줄걸이방법 사용: 이탈될 위험이 있는 부적절한 달기구를 선정하여 줄걸이를 체결, 편중이 발생할 가능성이 있는 줄걸이방법을 사용
2. 크레인으로 권상된 중량물 아래에서 작업 실시: 크레인을 사용한 중량물 취급 작업 시 중량물이 떨어질 위험이 있음에도 불구하고 권상된상태의 중량물 아래에 출입하여 도장보강작업을 실시","1. 적절한 받침대 사용 및 적절한 달기구 및 줄걸이방법 선정·사용: 중량물 아래에 출입하여 작업을 실시해야 할 경우, 중량물의 하중을 충분히 결딜 수있는받침대 위에 올려놓은 상태에서 작업을 실시하고, 중량물 권상 작업 시 편중이 발생하지 않는 줄걸이 방법을 사용하고, 이탈될 위험이없는적절한 달기구를 선정하여 줄걸이를 체결
2. 크레인 작업 시 중량물 아래 출입금지 및 충분한 안전거리 확보: 권상된 상태의 중량물 아래에 출입하여 작업하는 것을 금지하고, 중량물과 작업자 간 충분한 안전거리를 확보하여 작업 실시"
이동식 사다리 위에서 작업 중 떨어짐,이동식 사다리,2024년 6월 인천시 소재의 제조업 사업장에서 재해자가 이동식 사다리 작업발판 위에서 배기 덕트 및 팬 설치 작업 중 중심을 잃고 약 3m 아래 바닥으로 떨어짐,"1. 작업발판 미설치: 재해자가 떨어질 위험이 있는 장소에서 작업이 예정되어 있었으나, 적절한 작업발판이 설치되어 있지 않은 상태
2. 안전모 미착용: 재해자가 떨어질 위험이 있는 장소에서 작업을 하였으나 안전모를 착용하지 않은 상태","1. 작업발판 설치: 근로자가 떨어질 위험이 있는 장소에서 작업하는 경우 비계를 조립하는 등의 방법으로 적절한 작업발판을 설치하여 안전하게 작업할 수 있도록 조치
2. 개인보호구 착용: 근로자가 떨어질 위험이 있는 장소에서 작업하는 경우 안전모를 지급하고 착용토록 하여 안전하게 작업할 수 있도록 조치"
떨어지는 화물에 깔림,"지게차, 화물",24년 7월 광주 소재 공장 내 지게차가 급정지 및 급선회하는 과정에서 재해자 방향으로 넘어지는 화물에 재해자가 깔리면서 바닥에 머리를 부딪힘,"1. 지게차 급선회: 이동 중인 근로자를 뒤늦게 발견하여 급정지 및 급선회하여 발생한 원심력으로 운반중인 화물이 포크에서 이탈하여 떨어짐
2. 이동경로 중첩: 보행자 전용 통로가 마련되어 있지 않아 지게차와 근로자의 경로가 중복 및 지게차 운반중인 화물과 인상된 포크의 높이 등으로 운전석 시야 일부 사각지대 형성","1. 지게차 접촉방지 조치 실시: 지게차 운행경로와 근로자의 이동 경로가 중복되는 경우 보행자 전용 통로 설치, 교차로 구간 지게차 감지 또는 접근 경보 장치 등 보행 중 지게차 인지할 수 있는 설비 설치(권고)
2. 지게차 화물 전도 방지 조치: 지게차 포크로 화물 운반 시 화물용 고정벨트 체결 또는 포크타입 변경하여 전도방지 조치 실시, 지게차 운행속도 정기 점검 및 스토퍼 설치 등 속도 저감하여 급선회 및 급정지 방지"
화물자동차와 집게차 사이에 협착,화물자동차,"24년 6월 경남 창원시 소재 000 사업장 내에서 재해자가 물품을 하차하기 위해 화물자동차 뒤에서 대기하던 중, 집게차 가 후진하면서 화물자동차와 부딪혀 사이에 있던 재해자가 협착되어 사망","차량이 통행하는 장소에 작업지휘자 또는 유도자 미배치: 차랑계 하역운반기계 등을 사용하여 작업하는 경우 작업자가 부딪힐 위험이 있는 장소에 작업지휘자 또는 유도자를 배치하여야 하나, 이를 미준수",작업지휘자 또는 유도자를 배치하여 차량 통제 및 유도:  사고발생 장소는 다수의 차량이 통행하는 장소로 보행자 또는 작업자와 부딪힐 위험이 있으므로 작업지휘자 또는 유도자를 배치하여 차량 통제 및 유도
수변전실 정비 중 감전,변압기,24년 1월 전북 완주군 소재 공장 옥외 수변전실 내에서 변압기 설비 고장으로 누유된 절연유를 특고압 판넬 개방상태에서 정리하던 중 퓨즈 충전부에 접촉하여 감전,"1. 전로차단 미실시: 변압기 외부로 누유된 절연유 정리 중 전로 미차단으로 충전부에 접촉하여 감전
2. 보호구 미착용: 감전 위험이 있는 충전부 작업 중 절연용 보호구 미착용으로 감전 경로 형성","1. 충전부 작업 시 전로 차단: 충전부 노출 부위 또는 해당 부위 주변에서 작업 시 완료 전까지 전로 차단 확인 철저
2. 절연용 보호구 지급 및 관리감독 철저: 변압기 등 감전이 있는 충전부 작업 시 절연용 보호구(절연 장갑, 절연복 등) 지급하여 착용할 수 있도록 관리감독 철저"
화물자동차 적재함에서 떨어짐,화물자동차 ,"24년 5월 경북 김천시 소재, OO중공업(주) 제품 상차장에서 재해자가 화물자동차 적재함에 상차된 철골 자재를 적재함 위에 올라가 슬링 벨트로 고정하는 작업을 하던 중 불안전하게 세워져 상차되어 있던 철골 자재와 함께 지면으로 떨어져(H≒2.5m) 사망","1. 차량계 하역운반기계 작업계획서 작성 미흡: 불안전하게 세워 적재되어 있어 외력에 의해 전도되기 쉬운 철골 자재의 전도방지 대책과 적재함 위에서 떨어짐에 대한 방지 대책을 수립하고 작업계획서에 반영하지 않음
2. 전용 승강설비 미사용 등 떨어짐 방지조치 미흡: 승강과정, 적재함 위에서 이동 및 작업 중 떨어짐 예방을 위한 전용 승강
설비와 작업발판을 사용하지 않고 작업자는 개인보호구를 착용하지 않음","1. 차량계 하역운반기계 작업계획서 작성 철저: 불안전하게 적재되어 있어 외력에 의해 전도되기 쉬운 철골 자재의 전도방지 대책과 적재함 위에서 떨어짐에 대한 대책을 작업계획서에 반영
2. 전용 승강설비 사용 등 떨어짐 방지조치 철저: 승강과정, 적재함 위에서 이동 및 작업 중 떨어짐 예방을 위한 전용 승강설비와 작업발판을 사용
하고 안전모 등 적정 보호구를 착용"
청소 작업 중 특고압 감전,특고압,"18년 7월 수원시 소재 OOOO 에서 옥상 방수 도막 제거 후 청소 작업을 하던 중, COS(컷아웃스위치)의 노출된 충 전부(22.9kV)에 머리가 접촉, 감전 사고가 발생하여 1명이 사망","1. 전원차단 조치: 노출된 충전부 부근 작업이나 해당 전원 미차단
2. 접근금지 조치: 전원이 차단 되지 않은 상태에서 충전부 부근에 접근 통제를 위한 방책을 설치하거나 위험을 경고 할 수 있는 감시인 미배치
3. 절연조치: 작업자가 전원이 차단되지 않은 특고압 근처 작업하였으나 노출부를 방호, 차폐하거나 절연등의 조치 미실시","1. 전원 차단: 노출된 충전부 부근 작업이나 전로 관련 작업을 실시 할 때 작업에 들어가기 전 해당 전로를 차단하고 필요 시 잔류 전하를 방전
2. 접근 방지를 위한 조치: 절연이 되지 않은 충전부나 그 인근에 작업자가 접근하는 것을 제한하거나 막을 수 있도록 울타리 등을 설치하고 부득이한 경우 감시인을 배치
3. 절연, 접촉 금지 조치: 충전전로를 방호, 차폐 혹은 절연하여 작업자의 신체와 접촉하지 않아야 함"
중량물 적재 작업 중 지하 개구부로 추락,개구부,"24년 3월 충북 단양군 소재 OOO 현장 지하에 있는 발전기를 인양하여 적재하는 과정에서, 개구부에 인접하여 주 차한 화물자동차 적재함을 잡고 이동하 던 재해자가 덮개가 열리며 손을 놓쳐 지하로 추락(H≒9.5 m)하여 사망","1. 개구부안전조치 미시행: 지하에 있는 발전기를 반출하기 위해 발전기실 덮개를 해체하여 높이 약 10미터의 개구부가 발생하였으나,발전기를 반출한 후에도 덮개를 다시 덮지 않아 추락 위험이 있는 상황에서 적재 작업을 수행하는 과정에서 사고가 발생
2. 근로자 접근금지 미시행: 개구부 주변 근로자 접근금지 조치 등이 부재
3. 안전난간 미설치: 작업자가 떨어질 위험이 있음에도 불구하고 안전난간이 설치되어 있지 않음","1. 추락재해 예방설비 설치: 추락 예방을 위한 안전난간을 설치하고, 필요시 안전대를 걸어 사용할 수 있어야 함
2. 작업계획서 작성 및 작업지휘: 중량물 취급 및 차량계 하역운반기계 사용 등으로 인한 작업 수행 시 사전에 작업계획서를 작성하고, 현장에 작업지휘자를 두어야 함"
컨베이어와 주변 구조물 사이에 끼임,컨베이어 ,24년 4월 경기도 남양주시 소재 ㈜OOO에서 재해자가 컨베이어 상부 설비에 걸린 비닐을 제거하기 위해 가동 중인 컨베이어 통행을 시도하다가 넘어지면서 컨베이어와 구조물 사이에 끼어 사망,"1. 컨베이어운전정지 미실시: 컨베이어 관련 작업 시 컨베이어 운전정지를 하지 않고, 가동 중인 컨베이어 위로 통행하려다가 균형을 잃고 넘어짐
2. 컨베이어통행 제한 미흡: 컨베이어 통행을 제한하지 않고, 안전한 통로로 통행하도록 하거나 컨베이어 건널다리 설치 등 필요한 조치를 실시하지 않음","1. 컨베이어 관련 작업 시 운전정지 후 실시: 가동 중인 컨베이어로 인하여 사고 우려가 있는 작업 수행 시 컨베이어 운전을 정지하여야 함
2. 컨베이어 통행 제한 철저: 근로자를 컨베이어 위로 넘어가도록 하는 경우에는 근로자가 안전하게 통행할 수 있는 건널다리를 설치"
"전도되는 지게차에 깔림",지게차,"24년 1월 충남 부여군 소재 OOO㈜ 볏짚 적재구역에서, 지게차를 이용하여 절단된 볏짚을 운반하는 과정에서 지게차가 측면으로 전도되며, 운전 중이던 재해자가 깔림","1. 지게차 전도방지 조치 미비: 적재되어 있는 볏짚 주변에 지게차를 주행할 수 있는 충분한 공간을 확보하지 않음, 지게차는 적재된 볏짚 위로 주행하던 중 좌우안정도가 초과하며 측면으로 전도
2. 지게차 전도과정에서 재해자의 운전석 이탈: 좌석 안전띠를 미착용한 재해자는 운전석에서 이탈되며, 전도되는 지게차에 깔림","1. 지게차 통행로 확보: 볏짚 적재구역 주변에 지게차가 안전하게 통행할 수 있는 공간을 확보, 주변을 평탄화하여 주행중인 지게차가 요철을 밟고 전도되는 사고를 예방
2. 좌석안전띠 착용: 지게차를 운전하는 근로자가 좌석 안전띠를 착용하도록 조치하여, 지게차가 전도되는 경우에 운전자가 운전석에서 이탈하며 지게차에 깔리는 사고를 예방"
폐드럼 절단 작업 중 폭발,인화성 물질,"22년 1월 김해시 소재 ㅇㅇㅇ에 서 폐드럼의 상판을 산소 절단기(산소-LPG) 로 절단하던 중, 드럼통 내부에 잔류된 인화성 물질이 폭발하며, 그 충격으로 외상을 입고 요양하던 중 사망","1. 점화원: 이동식 산소 절단기(산소-LPG)의 불꽃
2. 가연성 물질: 인화점 –7.7℃의 인화성 액체인 가스플럭스가드럼 내부에 증기 형태로 잔류
3. 산소공급원: 드럼 내부에 담긴 액체 상태 가스플럭스를사용하는 과정에서 가스플럭스와 외부공기가 치환되며 대기 중의 공기가 드럼통 내부에 유입 가능","1. 드럼 내부 위험물 확인 및 완전 제거: 폐드럼의 내부에는 인화성 잔류물이 존재할 가능성이 높으므로, 산소 절단기를 사용하여 폐드럼을 해체할 경우에는 작업에 앞서 ‘가스 제거 및 세척(잔류물 제거) 작업’ 또는 ‘불활성화(산소농도 5% 미만)’를 실시
2. 가연성 물질 폐드럼 해체 작업시 화기 사용 지양: 화재·폭발 발생 위험이 있는 드럼 해체 작업 시, 화기 사용을 지양하고 드럼 커터를 사용하여 수동으로 상판을 절단하는 등의 방법으로 폭발을 예방"
갠트리 크레인 새들과 주변 구조물 사이에 끼임,갠트리 크레인 새들,23년 10월 인천광역시 서구 소재 ㈜OOO에서 갠트리 크레인 주행로 상에 있던 재해자가 크레인이 움직이자 갠트리크레인 새들(Saddle)과 주변 구조물 사이에 끼어 사망,"1. 주행로주변 안전공간 미확보: 새들(Saddle)돌출부와 주변 구조물 간 40cm 미만의 협소한 간격
2. 주행로시야 미확보: 주행로 주변 적치된 적재물 및 구조물로 인하여 주행로 시야 미확보
3. 안전작업절차 미준수: 양중기 이용한 중량물 취급작업 시 작업계획서 미준수 및 작업지휘자 미지정 ","1. 크레인 주행로 주변 안전공간 확보: 크레인 새들(Saddle) 의 최대 돌출부와 주변 구조물 간격을 최소 40cm 이상의 충분한 안전공간 확보
2. 크레인 조종 시 주행로 시야 확보: 크레인 조종 시 크레인 주행로 주변 상황 시야를 확보할 수 있도록 적재물 및 구조물 등 정리·제거
3. 안전 작업절차 준수:  크레인을 이용한 중량물 취급작업 시 작업계획서 준수 및 작업지휘자(신호수) 지정 후 작업지휘자의 지휘에 따라 작업"
벌크 백 운반 중 낙하,벌크 백,"24년 1월 경남 김해시 소재 ㈜000 공장 내에서 원재료가 든 벌크 백 4개를 천장크레인에 매달아 운반하던 중 섬유로프가 파단되면서, 벌크 백 1개가 낙하하여 벌크 백 하부에서 크레인 리모콘을 조작하던 재해자가 낙하물에 맞고 사망","1. 가닥의 꼬임 훼손: 벌크 백 운반 로프 매듭 과정에서 섬유로프 가닥을 풀어 가닥과 가닥 사이에 로프를 끼워 넣는 방식으로 로프 끝단을 마감함. 이에, 섬유 로프의 강도가 크게 저하
2. 벌크백 취급 시 주의사항 미준수: 한번에 4개의 벌크백을 운반하여 인양물의 인양각도가 크게 발생하여, 하중이 편중되는 원인으로 작용
3. 낙하물발생 위험 구간 출입: 낙하물 발생 위험이 있는 크레인 인양 작업 반경 내에 위치하여 낙하물에 맞음.","1. 크레인 화물 인양 작업 중, 위험구역 내 근로자 출입 통제: 크레인으로 화물을 인양하는 경우, 화물 하부 작업자 출입을 통제하여 화물이 작업자의 머리 위로 통과하지 않도록 하여야 함
2. 섬유로프 매듭 시 가닥의 꼬임을 훼손하지 않는 안전한 매듭법을 사용: 섬유로프를 매듭 지을 때에는 가닥의 꼬임이 풀리지 않는 안전한 매듭법을 사용"
지붕 유지보수 작업 중 추락,선라이트 지붕,"24년 2월 충북 충주시 소재 OO㈜공장의 자재창고 지붕 위에서 재해자가 노후 된 선라이트를 교체하기 전, 지붕에 쌓인 토사, 낙엽 등을 청소하던 중 선라이트가 파손되면서 약 4.3m 아래로 추락하여 사망","1. 추락방지조치 미실시: 강도가 약한 선라이트는 충격, 하중 등으로 쉽게 파손될 수 있으나, 견고한 구조의덮개를설치하는 등 추락 방지조치를 미실시
2. 개인 보호구 미착용: 추락위험이있는 장소에서 작업 중 안전모 등 보호구를 미착용","1. 추락방지조치 설치: 채광창(선라이트)에는 견고한 구조의 덮개를 설치하거나 폭 30cm 이상의 발판을 설치하는 등 파손으로 인한 추락을 방지
2. 지붕의 가장자리로 추락할 위험도 있으므로 추락을 방지하기 위해 안전난간을 설치하여야 하고 , 설치가 곤란한 경우 추락방호망 또는 근로자의 안전대 착용 및 안전대 부착설비를 설치하는 등의 조치
3. 개인 보호구 착용: 추락 위험이 있는 장소에서 작업은 안전모, 안전대 등 보호구 착용"
파쇄기 정비 준비 중 끼임,파쇄기,24년 2월 전북 정읍시 소재 OO에서 파쇄기를 정비하기 위해 준비하던 중 내부에 있던 작업자 1명이 작동하는 파쇄기에 신체가 끼여 사망,"1. 전원차단 및 잠금장치 등 미실시: 파쇄기 내부에서 작업 중 전원이 차단되지 않은 파쇄기가 재가동
2. 방호조치 미설치: 파쇄기 투입구에 덮개가 설치되지 않아 내부에서 작업 중이던 작업자의 신체 일부가 끼임","1. 비정형 작업 시 전원 차단 및 잠금장치 설치: 설비 비정형 작업(수리, 청소, 점검 등) 진행 시 운전 정지 및 전원 차단, 전원부·조작부잠금장치, 작동금지 표지판 설치 후 열쇠 보관
2. 끼임방호조치 실시: 파쇄기 투입구 등 설비의 작동으로 인해 끼임의 위험이 있는 작업 장소에는 덮개 등을 설치, 덮개는 설비의 전원과 연동 설치하여 덮개가 개방될 경우 운전이 정지되는 구조로 개선"
적재함을 타고 올라가던 중 추락,적재함,"23년 11월 울산시 소재 OO사업장에서 재해자가 3단으로 쌓여있는 적재함(h=3.7m)을 타고 올라가던 중, 적재함이 전도되면서 바닥으로 추락하여 사망","1. 불안정한 적재: 3단으로 불안정하게 쌓아진 적재함을 타고 오르던 중, 적재함이 전도
2. 승강로, 작업대 부재: 적재함 내 제품 불량검사를 수행하기 위한 승강로 또는 작업대가 부재하여 재해자가 적재함을 타고 오르던 중, 적재함이 전도되며 추락","1. 반제품 불량 검사 작업 절차 개선: 여러 단으로 쌓여있는 적재함에 적재되어 있는 물품을 검사해야 하는 경우, 근로자가 안전하게 상부 적재함 내부를 확인할 수 있도록 안전한 승강설비(통로)와 작업대가 마련된 검사시설 설치
2. 보호구 지급 및 착용: 근로자가 추락 위험 장소에서 작업하는 경우, 안전모 등의 보호구를 지급, 착용하도록 관리감독 철저"
파렛트 위치 수정 작업 중 끼임,지게차,17년 4월 경기도 안성시 소재 사업장에서 재해자가 지게차에서 내려 파렛트 공급장치에 올려진 파렛트의 위치를 수정하던 중 지게차가 움직이면서 백레스트와 파렛트공급장치 사이에 가슴이 끼여 사망,"1. 주차브레이크 고장: 주차 브레이크를 수리하지 않은 상태에서 지게차를 운행
2. 안전조치 미실시: 지게차의 시동을 정지하지 않은 상태에서 운전석에서 이탈
3. 무자격자 운행: 운전자격이 없는 무자격자가 지게차를 운행","1. 지게차의 이상유무 확인: 주기적 점검을 통해 지게차의 이상 등이 발견되면 수리하고 운행
2. 운전석 이탈 시 안전조치 실시: 포크를 가장 낮은 위치 또는 지면에 내려놓고 지게차의 시동을 정지
3. 지게차 운전 자격 확인: 시동키는 운전 자격을 가진 자만이 소지할 수 있도록 조치"
작업장 보행 중 지게차와 충돌,지게차,23년 11월 광주광역시 소재 OO 광주공장에서 프레스동 입·출구 자동문 앞으로 보행하던 재해자가 빈 파렛트를 포크에 끼워 이동하던 3톤 지게차와 부딪힘,"1. 지게차의 접촉방지 및 안전조치 미실시: 상하차 작업순서 및 방법을 미수립 및 주변 근로자 출입 통제를 미실시
2. 작업계획서 미작성: 지게차를 이용한 파렛트 운반작업에 대한 작업계획서 미작성","1. 지게차 접촉방지조치 실시: 지게차를 사용하여 상하차 작업 시 근로자가 지게차와 접촉하지 않도록 안전한 작업방법 준수, 유도자 배치 등 안전조치 실시
2. 작업계획서 작성 및 작업지휘자 배치: 작업계획서에 따라 작업을 지휘하고 근로자의 접근을 방지하는 작업지휘자 배치"
설비 레이아웃 변경 작업 중 감전,노후 설비 교체,"23년 7월 경상남도 양산시 소재 ㈜0000 공장 노후 설비 교체 및 설비 레이아웃 변경 작업을 진행하던 중, 근로자자의 신체 일부가 누전된 설비에 접촉하여 감전","1. 접지 미실시: 접지선이 단락되어 사고 당시 누설전류를 대지로 귀로시키지 못한 상태로 누전에 의한 감전의 위험 방치
2. 절연용 보호구 미착용: 감전의 위험이 있는 전기·기계기구의 설치·해체 등의 작업 시 절연장갑 등의 절연용 보호구를 미착용","1. 누전에 의한 감전의 위험을 방지하기 위한 접지 실시 및 관리: 누전으로 인해 발생된 누설전류를 대지로 귀로시킴으로서 감전의 위험을 방지하기 위해 접지 실시 및 접지저항 관리 철저
2. 절연용 보호구 착용 및 관리: 감전의 위험이 있는 전기·기계기구의 설치·해체 등의 작업 시 충전전로에 접촉하거나, 누전 등으로 인한 감전의 위험을 방지하기 위해 절연장갑 등의 절연용 보호구를 근로자에게 지급하고 착용하도록 관리"
크레인 점검 중 추락,갠트리 크레인,23년 10월 경북 포항시 소재 OOO 내 절단 공정에서 피재자가 천장 크레인에 탑승하여 갠트리 크레인의 상태를 점검하던 중 추락하여 사망,"1. 레일이탈: 갠트리 크레인의 주행범위를 초과하여 이동 중 레일에서 이탈
2. 방호장치 미설치: 갠트리 크레인의 상부레일에 주행범위 이탈을 막는 주행 리미트 스위치 또는 스토퍼 미설치
3. 마그넷 탑승: 리프팅 마그넷에 탑승하여 이탈 상태를 점검","1. 갠트리 크레인의 주행범위 이탈 방호장치 설치: 갠트리 크레인의 상부레일에 주행범위 이탈을 막기 위한 주행 리미트 스위치 또는 스토퍼를 설치
2. 리프팅 마그넷 탑승 금지: 크레인에 근로자가 탑승한 상태에서 작업 실시하지 않도록 관리
3. 작업계획서 작성 및 준수: 크레인의 이동 범위, 작업 방법 등이 포함된 작업계획서 작성 및 준수"
경사로 지게차 운행 중 깔림                                                                                                                                                                                       ,지게차,"23년 8월 충북 충주시 소재 OOO 압출공장에서 지게차 포크에 톤백을 걸고 경사로를 내려가던 중, 지게차가 좌측으로 넘어지면서 운전석에서 이탈된 재해자가 지게차에 깔림 ","1. 안전운행방법 준수 미흡: 지게차 포크에 톤백을 걸고 운행*하던 중, 경사로에서 가속도가 붙은 상태에서 지게차의 전륜이 도로 밖으로 이탈하여 운전자가 급제동하는 과정에서 조향 핸들을 우측으로 돌려 지게차가 균형을 잃고 좌측으로 전도
2. 좌석 안전띠 미착용: 좌석 안전띠를 체결하지 않은 상태에서 지게차 운행","1. 경사로에서 지게차 운행 시 안전수칙 준수: 지게차를 운전하여 경사로를 내려갈 때에는 브레이크를 사용하여 천천히 운전하며 급브레이크 조작 및 방향전환 등의 운행 금지
2. 지게차 운행 시 방호장치 사용관리 철저: 앉아서 조작하는 방식의 지게차를 운전하는 경우 반드시 좌석 안전띠를 착용"
화물자동차 상차 작업 중 추락,화물자동차,"23년 2월 부산 강서구 소재 OOOO 공장 내에서, 재해자가 화물자동차 적재함에 캐리어*를 상차한 후 로프를 사용하여 고정하던 중, 화물자동차 적재함에서 몸의 중심을 잃고 높이 약 1미터에서 바닥으로 추락하여 병원치료 중 사망","1. 작업순서 및 방법 부적절: 천장 크레인을 이용하여 캐리어를 화물자동차 적재함으로 인양한 후, 적재함 위에서 캐리어를 로프로 묶는 작업을 하던 중 재해자가 추락
2. 안전모 미착용 및 관리감독 미흡: 지상으로부터 1미터 높이의 화물자동차 작업은 근로자가 추락할 위험이 있으나 안전모 미착용","1. 화물자동차 상차 작업 시 작업계획서 작성 및 작업지휘자 배치: 화물자동차 적재함에 캐리어 상차 작업 시 작업 순서 및 그 순서마다의 작업방법을 정하고, 작업지휘자를 배치
2. 안전모 착용 및 관리감독 철저: 근로자가 추락할 위험이 있는 작업 시 안전모를 착용하도록 관리"
지게차 포크에 삽입된 화물 낙하,지게차,23년 5월 경기도 양주시 소재 OOO에서 지게차 포크에 점착제 충전용기(약 1.23t) 삽입 후 약 1 m 높이까지 상승시킨 상태에서 용기 하부 작업 중 용기가 지게차 포크로부터 이탈되어 떨어지면서 재해자가 깔려 사망,"1. 지게차의 주용도 외 사용: 지게차를 용기 거치 목적으로 사용함에도 적재된 화물의 낙하방지 또는 견고한 고정조치 등 근로자 안전조치 미실시
2. 지게차 허용하중 초과 적재: 포크 위치(화물의 중심위치)에 따른 허용하중을 고려하지 않고 초과하여 적재","1. 지게차 작업 시 화물의 적재·하역 등 주용도로만 사용: 지게차 작업 시 화물의 적재·하역 등 주용도로만 사용하여야 하며, 불가피하게 다른 용도로 사용 시 화물 낙하방지 또는 견고하게 고정 조치
2. 지게차 제원표에 따른 포크위치에 따른 허용하중 이내 적재"
리프트에 탑승하여 화물 운반 작업 중 떨어짐,리프트,23년 5월 양주시 ○○○에서 재해자가 1층에서 빈 수레와 함께 리프트 운반구에 탑승하여 2층으로 올라가던 중 출입문 및 방호울이 설치되지 않은 운반구 전면부로 떨어짐,"1. 일반작업용 리프트(산업용 리프트)에 근로자 탑승 제한조치 미실시: 화물을 운반하는 용도로만 사용하는 일반작업용 리프트(산업용 리프트)에 탑승금지 경고표시 미부착, 근로자 교육 미실시 등 근로자 리프트 탑승 제한 조치를 미실시
2. 리프트 운반구에 출입문 및 방호울 미설치: 리프트 운반구 화물 반입·반출구에 출입문 및 방호울을 설치하지 않아 운반구 내 화물이 승강로의 수평지지대에 걸려 수레가 운반구 밖으로 낙하하며 재해자가 함께 떨어짐
3. 안전인증 기준에 적합하지 않은 리프트 사용: 운반구 출입문 및 방호울, 승강로 방호울, 출입문 연동장치 설치 등 안전인증 기준에 적합하지 않은 리프트를 사용하여 근원적인 안전을 확보하지 않은 상태에서 작업 실시","1. 일반작업용 리프트(산업용 리프트) 에 근로자 탑승 제한 조치: 일반작업용 리프트(산업용 리프트)은 화물을 운반하기 위한 용도로만 사용
2. 리프트 운반구에 출입문 및 방호울 설치: 리프트 운반구에 출입문 및 방호울을 설치하여 화물의 낙하를 방지
3. 안전인증 기준에 적합한 리프트 사용: 안전인증을 받은, 즉 안전인증 기준에 적합한 리프트를 사용하여 근원적인 안전을 확보한 상태에서 작업을 실시"
압롤박스 하부에서 작업하던 중 깔림,압롤박스,"23년 6월 전라북도 김제시 소재 OO공장에서 재해자가 철제 받침대 위에 놓인 압롤박스(무게 약 3톤) 하부에서 작업하던 중, 압롤박스가 바닥으로 넘어지며 재해자가 깔려 사망","1. 압롤박스 전도방지조치 미흡: 천장크레인에 인양되지 않은 상태에서, 철제 받침대 위에 올려진 압롤박스(3톤)가 공압자키에 의해 위로 들리며 전도되어 하부에서 작업 중인 근로자가 깔림
2. 작업계획서 작성상태 미흡: 작업계획서 미준수 및 작업계획서 작성 시, 3톤의 중량물을 취급(용접)하는 작업에 대해 하부 받침대, 전도방지조치 등 안전대책 누락
3. 작업지휘자 미배치: 중량물(압롤박스) 취급작업 시 작업지휘자 미배치 상태로 작업 실시","1. 중량물(압롤박스) 취급작업 시 작업지휘자 미배치 상태로 작업 실시: 근로자가 압롤박스 하부에서 작업 시, 받침대 위에 올려진 압롤박스가 전도되어 불시에 낙하하지 않도록 천장크레인에 걸어 지탱하는 등의 안전조치 실시
2. 작업계획서 작성 및 작업지휘자 배치: 3톤의 중량물(압롤박스)을 취합하는 작업에 대해여 중량물의 추락, 낙하, 전도 등의 위험을 예방할 수 있는 안전대책과 작업방법을 포함한 작업계획서를 작성하고, 작업지휘자를 배치
3. 하부 피트 설치 및 안전성이 확보된 받침대 사용: 하부 피트를 설치하여 피트 내부에서 압롤박스 하부 용접작업을 하거나, 안전한 구조의 형태와 재질을 사용한 받침대를 제작하고 안전점검을 실시하여 받침대의 안전성을 확보한 후 사용"